<?xml version="1.0"?>
<paytable>
   <payout>
      <rank>0</rank> 
	  <multiplier>0</multiplier>
   </payout>
   <payout>
      <rank>1</rank>
	  <multiplier>1</multiplier>
   </payout>
   <payout>
      <rank>2</rank>
	  <multiplier>2</multiplier>
   </payout>
   <payout>
      <rank>3</rank>
	  <multiplier>3</multiplier>
   </payout>
   <payout>
      <rank>4</rank>
	  <multiplier>4</multiplier>
   </payout>
   <payout>
      <rank>5</rank>
	  <multiplier>6</multiplier>
   </payout>
   <payout>
      <rank>6</rank>
	  <multiplier>9</multiplier>
   </payout>
   <payout>
      <rank>7</rank>
	  <multiplier>25</multiplier>
   </payout>
   <payout>
      <rank>8</rank>
	  <multiplier>50</multiplier>
   </payout>
   <payout>
      <rank>9</rank>
	  <multiplier>800</multiplier>
   </payout>
</paytable>
